bone,species,side,fish,n_lm,scale,LM1_X,LM1_Y,LM2_X,LM2_Y,LM3_X,LM3_Y,LM4_X,LM4_Y,LM5_X,LM5_Y,LM6_X,LM6_Y,LM7_X,LM7_Y,LM8_X,LM8_Y,LM9_X,LM9_Y,LM10_X,LM10_Y,LM11_X,LM11_Y,LM12_X,LM12_Y,LM13_X,LM13_Y,LM14_X,LM14_Y,LM15_X,LM15_Y,LM16_X,LM16_Y,LM17_X,LM17_Y,LM18_X,LM18_Y,LM19_X,LM19_Y,LM20_X,LM20_Y,LM21_X,LM21_Y,LM22_X,LM22_Y,LM23_X,LM23_Y,LM24_X,LM24_Y,LM25_X,LM25_Y,LM26_X,LM26_Y,LM27_X,LM27_Y,LM28_X,LM28_Y,LM29_X,LM29_Y,LM30_X,LM30_Y,LM31_X,LM31_Y,LM32_X,LM32_Y,LM33_X,LM33_Y,LM34_X,LM34_Y,LM35_X,LM35_Y,LM36_X,LM36_Y
Dentary,Acipenser baerii,L,1,7,0.003582,1944.0,940.0,1853.0,792.0,1866.0,643.0,1787.0,355.0,1874.0,124.0,1964.0,340.0,1969.0,744.0,,,,,,,,,,,,,,,,,,,,,,,,,,,,,,,,,,,,,,,,,,,,,,,,,,,,,,,,,,
Dentary,Acipenser baerii,R,1,7,0.003647,280.0,925.0,190.0,783.0,218.0,633.0,130.0,329.0,216.0,117.0,316.0,313.0,312.0,745.0,,,,,,,,,,,,,,,,,,,,,,,,,,,,,,,,,,,,,,,,,,,,,,,,,,,,,,,,,,
Dentary,Acipenser gueldenstaedtii,L,1,7,0.003546,1552.0,707.0,1516.0,571.0,1566.0,461.0,1566.0,271.0,1694.0,85.0,1665.0,289.0,1607.0,528.0,,,,,,,,,,,,,,,,,,,,,,,,,,,,,,,,,,,,,,,,,,,,,,,,,,,,,,,,,,
Dentary,Acipenser gueldenstaedtii,L,2,7,0.003623,1812.0,623.0,1738.0,517.0,1761.0,432.0,1697.0,253.0,1755.0,84.0,1787.0,198.0,1829.0,441.0,,,,,,,,,,,,,,,,,,,,,,,,,,,,,,,,,,,,,,,,,,,,,,,,,,,,,,,,,,
Dentary,Acipenser gueldenstaedtii,L,3,7,0.003596,248.0,655.0,159.0,518.0,174.0,414.0,106.0,193.0,140.0,42.0,221.0,204.0,270.0,501.0,,,,,,,,,,,,,,,,,,,,,,,,,,,,,,,,,,,,,,,,,,,,,,,,,,,,,,,,,,
Dentary,Acipenser gueldenstaedtii,L,4,7,0.003558,269.0,570.0,191.0,497.0,174.0,375.0,108.0,216.0,130.0,47.0,207.0,190.0,277.0,459.0,,,,,,,,,,,,,,,,,,,,,,,,,,,,,,,,,,,,,,,,,,,,,,,,,,,,,,,,,,
Dentary,Acipenser gueldenstaedtii,L,5,7,0.003643,263.0,1024.0,175.0,836.0,212.0,660.0,155.0,404.0,288.0,121.0,348.0,369.0,315.0,819.0,,,,,,,,,,,,,,,,,,,,,,,,,,,,,,,,,,,,,,,,,,,,,,,,,,,,,,,,,,
Dentary,Acipenser gueldenstaedtii,R,2,7,0.003623,259.0,647.0,198.0,549.0,233.0,461.0,196.0,246.0,276.0,115.0,309.0,240.0,292.0,520.0,,,,,,,,,,,,,,,,,,,,,,,,,,,,,,,,,,,,,,,,,,,,,,,,,,,,,,,,,,
Dentary,Acipenser gueldenstaedtii,R,3,7,0.003623,150.0,676.0,132.0,530.0,183.0,437.0,204.0,216.0,296.0,81.0,313.0,277.0,234.0,538.0,,,,,,,,,,,,,,,,,,,,,,,,,,,,,,,,,,,,,,,,,,,,,,,,,,,,,,,,,,
Dentary,Acipenser gueldenstaedtii,R,4,7,0.00361,185.0,614.0,132.0,521.0,145.0,385.0,114.0,221.0,174.0,78.0,219.0,229.0,211.0,487.0,,,,,,,,,,,,,,,,,,,,,,,,,,,,,,,,,,,,,,,,,,,,,,,,,,,,,,,,,,
Dentary,Acipenser gueldenstaedtii,R,5,7,0.003578,251.0,1040.0,171.0,892.0,213.0,711.0,169.0,399.0,294.0,144.0,353.0,397.0,327.0,823.0,,,,,,,,,,,,,,,,,,,,,,,,,,,,,,,,,,,,,,,,,,,,,,,,,,,,,,,,,,
Dentary,Acipenser ruthenus,L,1,7,0.003672,1239.0,956.0,1195.0,793.0,1287.0,478.0,1258.0,329.0,1355.0,65.0,1445.0,321.0,1367.0,775.0,,,,,,,,,,,,,,,,,,,,,,,,,,,,,,,,,,,,,,,,,,,,,,,,,,,,,,,,,,
Dentary,Acipenser ruthenus,L,3,7,0.003586,1846.0,608.0,1770.0,470.0,1816.0,333.0,1792.0,196.0,1854.0,76.0,1912.0,224.0,1887.0,485.0,,,,,,,,,,,,,,,,,,,,,,,,,,,,,,,,,,,,,,,,,,,,,,,,,,,,,,,,,,
Dentary,Acipenser ruthenus,L,4,7,0.002297,1047.0,1131.0,953.0,887.0,976.0,713.0,924.0,410.0,985.0,169.0,1094.0,355.0,1113.0,863.0,,,,,,,,,,,,,,,,,,,,,,,,,,,,,,,,,,,,,,,,,,,,,,,,,,,,,,,,,,
Dentary,Acipenser ruthenus,R,1,7,0.003669,284.0,1063.0,222.0,880.0,267.0,690.0,209.0,463.0,302.0,163.0,382.0,424.0,377.0,836.0,,,,,,,,,,,,,,,,,,,,,,,,,,,,,,,,,,,,,,,,,,,,,,,,,,,,,,,,,,
Dentary,Acipenser ruthenus,R,3,7,0.003605,156.0,583.0,88.0,446.0,123.0,340.0,98.0,173.0,162.0,62.0,217.0,143.0,199.0,440.0,,,,,,,,,,,,,,,,,,,,,,,,,,,,,,,,,,,,,,,,,,,,,,,,,,,,,,,,,,
Dentary,Acipenser ruthenus,R,4,7,0.002282,158.0,1049.0,92.0,796.0,127.0,581.0,104.0,315.0,181.0,76.0,278.0,334.0,259.0,810.0,,,,,,,,,,,,,,,,,,,,,,,,,,,,,,,,,,,,,,,,,,,,,,,,,,,,,,,,,,
Dentary,Acipenser ruthenus,R,5,7,0.002428,296.0,963.0,217.0,805.0,251.0,612.0,214.0,395.0,296.0,278.0,348.0,342.0,353.0,734.0,,,,,,,,,,,,,,,,,,,,,,,,,,,,,,,,,,,,,,,,,,,,,,,,,,,,,,,,,,
Dentary,Bester,L,2,7,0.00359,162.0,1064.0,119.0,934.0,173.0,687.0,113.0,533.0,252.0,81.0,271.0,281.0,318.0,779.0,,,,,,,,,,,,,,,,,,,,,,,,,,,,,,,,,,,,,,,,,,,,,,,,,,,,,,,,,,
Dentary,Bester,R,2,7,0.003603,2151.0,1115.0,2096.0,974.0,2143.0,752.0,2085.0,575.0,2238.0,118.0,2233.0,340.0,2297.0,803.0,,,,,,,,,,,,,,,,,,,,,,,,,,,,,,,,,,,,,,,,,,,,,,,,,,,,,,,,,,
Dentary,Huso huso,L,1,7,0.003628,216.0,1471.0,132.0,1212.0,132.0,824.0,82.0,443.0,216.0,96.0,216.0,471.0,333.0,915.0,,,,,,,,,,,,,,,,,,,,,,,,,,,,,,,,,,,,,,,,,,,,,,,,,,,,,,,,,,
Dentary,Huso huso,L,2,7,0.003669,217.0,1268.0,202.0,1009.0,235.0,724.0,230.0,464.0,270.0,144.0,340.0,367.0,373.0,865.0,,,,,,,,,,,,,,,,,,,,,,,,,,,,,,,,,,,,,,,,,,,,,,,,,,,,,,,,,,
Dentary,Huso huso,L,3,7,0.003626,256.0,1436.0,220.0,1158.0,241.0,949.0,205.0,505.0,249.0,154.0,307.0,433.0,420.0,1002.0,,,,,,,,,,,,,,,,,,,,,,,,,,,,,,,,,,,,,,,,,,,,,,,,,,,,,,,,,,
Dentary,Huso huso,L,4,7,0.003684,160.0,1390.0,112.0,1073.0,117.0,793.0,71.0,476.0,155.0,111.0,194.0,394.0,304.0,916.0,,,,,,,,,,,,,,,,,,,,,,,,,,,,,,,,,,,,,,,,,,,,,,,,,,,,,,,,,,
Dentary,Huso huso,R,1,7,0.00362,1727.0,1479.0,1595.0,1231.0,1555.0,881.0,1467.0,509.0,1592.0,109.0,1597.0,409.0,1742.0,934.0,,,,,,,,,,,,,,,,,,,,,,,,,,,,,,,,,,,,,,,,,,,,,,,,,,,,,,,,,,
Dentary,Huso huso,R,2,7,0.003682,1260.0,1221.0,1232.0,965.0,1262.0,835.0,1239.0,473.0,1396.0,98.0,1383.0,297.0,1400.0,833.0,,,,,,,,,,,,,,,,,,,,,,,,,,,,,,,,,,,,,,,,,,,,,,,,,,,,,,,,,,
Dentary,Huso huso,R,3,7,0.003631,870.0,1311.0,872.0,1022.0,920.0,830.0,915.0,414.0,1008.0,38.0,1023.0,300.0,1078.0,897.0,,,,,,,,,,,,,,,,,,,,,,,,,,,,,,,,,,,,,,,,,,,,,,,,,,,,,,,,,,
Dentary,Huso huso,R,4,7,0.003618,1704.0,1333.0,1693.0,1026.0,1744.0,835.0,1773.0,411.0,1942.0,71.0,1929.0,302.0,1931.0,913.0,,,,,,,,,,,,,,,,,,,,,,,,,,,,,,,,,,,,,,,,,,,,,,,,,,,,,,,,,,
Dentary,Sevbel,L,1,7,0.003657,1504.0,1463.0,1420.0,1150.0,1450.0,910.0,1408.0,732.0,1537.0,74.0,1623.0,406.0,1672.0,1013.0,,,,,,,,,,,,,,,,,,,,,,,,,,,,,,,,,,,,,,,,,,,,,,,,,,,,,,,,,,
Dentary,Sevbel,R,1,7,0.003668,229.0,1479.0,163.0,1188.0,206.0,950.0,184.0,761.0,319.0,91.0,432.0,438.0,413.0,1061.0,,,,,,,,,,,,,,,,,,,,,,,,,,,,,,,,,,,,,,,,,,,,,,,,,,,,,,,,,,
Jugal,Acipenser baerii,L,1,9,0.003578,2335.0,850.0,2455.0,319.0,2552.0,215.0,2358.0,133.0,2288.0,201.0,2066.0,131.0,2090.0,171.0,1359.0,107.0,2266.0,402.0,,,,,,,,,,,,,,,,,,,,,,,,,,,,,,,,,,,,,,,,,,,,,,,,,,,,,,
Jugal,Acipenser baerii,R,1,9,0.003579,1146.0,760.0,1128.0,347.0,1203.0,142.0,1045.0,164.0,1005.0,173.0,779.0,133.0,866.0,225.0,45.0,265.0,1012.0,402.0,,,,,,,,,,,,,,,,,,,,,,,,,,,,,,,,,,,,,,,,,,,,,,,,,,,,,,
Jugal,Acipenser gueldenstaedtii,L,1,9,0.003597,1922.0,611.0,2005.0,286.0,2059.0,222.0,1984.0,173.0,1892.0,187.0,1715.0,128.0,1755.0,187.0,1269.0,201.0,1873.0,321.0,,,,,,,,,,,,,,,,,,,,,,,,,,,,,,,,,,,,,,,,,,,,,,,,,,,,,,
Jugal,Acipenser gueldenstaedtii,L,2,9,0.003635,1892.0,441.0,1939.0,241.0,1991.0,121.0,1934.0,97.0,1809.0,107.0,1635.0,71.0,1686.0,114.0,1361.0,170.0,1809.0,199.0,,,,,,,,,,,,,,,,,,,,,,,,,,,,,,,,,,,,,,,,,,,,,,,,,,,,,,
Jugal,Acipenser gueldenstaedtii,L,3,9,0.003584,1887.0,708.0,1948.0,383.0,1986.0,298.0,1934.0,248.0,1778.0,225.0,1585.0,142.0,1679.0,218.0,1307.0,208.0,1776.0,333.0,,,,,,,,,,,,,,,,,,,,,,,,,,,,,,,,,,,,,,,,,,,,,,,,,,,,,,
Jugal,Acipenser gueldenstaedtii,L,4,9,0.003597,2125.0,492.0,2177.0,299.0,2252.0,198.0,2172.0,146.0,2035.0,132.0,1861.0,110.0,1887.0,132.0,1613.0,167.0,2073.0,231.0,,,,,,,,,,,,,,,,,,,,,,,,,,,,,,,,,,,,,,,,,,,,,,,,,,,,,,
Jugal,Acipenser gueldenstaedtii,L,5,9,0.003607,2519.0,831.0,2498.0,387.0,2587.0,213.0,2483.0,166.0,2302.0,170.0,2071.0,154.0,2098.0,168.0,1578.0,213.0,2295.0,376.0,,,,,,,,,,,,,,,,,,,,,,,,,,,,,,,,,,,,,,,,,,,,,,,,,,,,,,
Jugal,Acipenser gueldenstaedtii,L,7,9,0.003782,2505.0,1293.0,2495.0,426.0,2552.0,249.0,2252.0,204.0,2149.0,256.0,1561.0,93.0,1717.0,261.0,963.0,501.0,2186.0,664.0,,,,,,,,,,,,,,,,,,,,,,,,,,,,,,,,,,,,,,,,,,,,,,,,,,,,,,
Jugal,Acipenser gueldenstaedtii,R,1,9,0.003544,793.0,551.0,878.0,254.0,946.0,174.0,854.0,153.0,783.0,160.0,538.0,54.0,632.0,141.0,147.0,172.0,741.0,252.0,,,,,,,,,,,,,,,,,,,,,,,,,,,,,,,,,,,,,,,,,,,,,,,,,,,,,,
Jugal,Acipenser gueldenstaedtii,R,2,9,0.003634,637.0,567.0,729.0,355.0,802.0,273.0,722.0,214.0,644.0,218.0,446.0,129.0,503.0,190.0,137.0,131.0,606.0,313.0,,,,,,,,,,,,,,,,,,,,,,,,,,,,,,,,,,,,,,,,,,,,,,,,,,,,,,
Jugal,Acipenser gueldenstaedtii,R,3,9,0.00361,748.0,565.0,750.0,237.0,755.0,126.0,708.0,112.0,543.0,119.0,364.0,63.0,472.0,136.0,100.0,202.0,623.0,254.0,,,,,,,,,,,,,,,,,,,,,,,,,,,,,,,,,,,,,,,,,,,,,,,,,,,,,,
Jugal,Acipenser gueldenstaedtii,R,4,9,0.003584,606.0,515.0,630.0,371.0,731.0,220.0,642.0,185.0,611.0,164.0,349.0,114.0,406.0,152.0,95.0,176.0,552.0,270.0,,,,,,,,,,,,,,,,,,,,,,,,,,,,,,,,,,,,,,,,,,,,,,,,,,,,,,
Jugal,Acipenser gueldenstaedtii,R,5,9,0.003546,1118.0,785.0,1088.0,412.0,1177.0,226.0,1021.0,167.0,906.0,186.0,602.0,186.0,642.0,214.0,137.0,311.0,859.0,374.0,,,,,,,,,,,,,,,,,,,,,,,,,,,,,,,,,,,,,,,,,,,,,,,,,,,,,,
Jugal,Acipenser gueldenstaedtii,R,7,9,0.00358,1493.0,1395.0,1613.0,522.0,1675.0,362.0,1418.0,251.0,1316.0,315.0,698.0,77.0,934.0,303.0,62.0,303.0,1245.0,720.0,,,,,,,,,,,,,,,,,,,,,,,,,,,,,,,,,,,,,,,,,,,,,,,,,,,,,,
Jugal,Acipenser ruthenus,L,1,9,0.003654,2323.0,750.0,2342.0,193.0,2396.0,78.0,2262.0,64.0,2071.0,92.0,1856.0,78.0,1913.0,134.0,1616.0,186.0,2184.0,311.0,,,,,,,,,,,,,,,,,,,,,,,,,,,,,,,,,,,,,,,,,,,,,,,,,,,,,,
Jugal,Acipenser ruthenus,L,2,9,0.003632,2309.0,420.0,2399.0,247.0,2391.0,132.0,2356.0,141.0,2304.0,148.0,2208.0,92.0,2198.0,139.0,1849.0,139.0,2281.0,266.0,,,,,,,,,,,,,,,,,,,,,,,,,,,,,,,,,,,,,,,,,,,,,,,,,,,,,,
Jugal,Acipenser ruthenus,L,3,9,0.003555,1946.0,428.0,1986.0,235.0,2019.0,63.0,1934.0,115.0,1851.0,122.0,1790.0,100.0,1788.0,122.0,1486.0,126.0,1870.0,216.0,,,,,,,,,,,,,,,,,,,,,,,,,,,,,,,,,,,,,,,,,,,,,,,,,,,,,,
Jugal,Acipenser ruthenus,L,4,9,0.002603,1691.0,779.0,1781.0,211.0,1849.0,138.0,1698.0,114.0,1552.0,130.0,1241.0,142.0,1283.0,168.0,908.0,225.0,1578.0,319.0,,,,,,,,,,,,,,,,,,,,,,,,,,,,,,,,,,,,,,,,,,,,,,,,,,,,,,
Jugal,Acipenser ruthenus,L,5,9,0.002415,788.0,748.0,828.0,408.0,835.0,324.0,722.0,258.0,670.0,274.0,493.0,229.0,524.0,276.0,107.0,298.0,668.0,406.0,,,,,,,,,,,,,,,,,,,,,,,,,,,,,,,,,,,,,,,,,,,,,,,,,,,,,,
Jugal,Acipenser ruthenus,R,1,9,0.003629,1163.0,868.0,1163.0,378.0,1250.0,175.0,1097.0,179.0,878.0,217.0,673.0,184.0,713.0,253.0,78.0,352.0,958.0,406.0,,,,,,,,,,,,,,,,,,,,,,,,,,,,,,,,,,,,,,,,,,,,,,,,,,,,,,
Jugal,Acipenser ruthenus,R,2,9,0.003622,616.0,412.0,682.0,237.0,687.0,129.0,618.0,122.0,597.0,134.0,540.0,84.0,510.0,115.0,64.0,110.0,576.0,242.0,,,,,,,,,,,,,,,,,,,,,,,,,,,,,,,,,,,,,,,,,,,,,,,,,,,,,,
Jugal,Acipenser ruthenus,R,3,9,0.003554,543.0,456.0,599.0,269.0,614.0,111.0,529.0,149.0,456.0,185.0,246.0,156.0,283.0,218.0,52.0,281.0,491.0,276.0,,,,,,,,,,,,,,,,,,,,,,,,,,,,,,,,,,,,,,,,,,,,,,,,,,,,,,
Jugal,Acipenser ruthenus,R,4,9,0.00265,951.0,854.0,996.0,382.0,1055.0,201.0,965.0,139.0,790.0,142.0,625.0,113.0,668.0,142.0,109.0,125.0,783.0,319.0,,,,,,,,,,,,,,,,,,,,,,,,,,,,,,,,,,,,,,,,,,,,,,,,,,,,,,
Jugal,Acipenser ruthenus,R,5,9,0.002427,1446.0,764.0,1486.0,429.0,1498.0,323.0,1425.0,285.0,1260.0,276.0,1215.0,271.0,1168.0,273.0,684.0,254.0,1328.0,450.0,,,,,,,,,,,,,,,,,,,,,,,,,,,,,,,,,,,,,,,,,,,,,,,,,,,,,,
Jugal,Acipenser stellatus,L,102,9,0.003617,2549.0,912.0,2590.0,483.0,2712.0,388.0,2601.0,294.0,2368.0,313.0,1875.0,141.0,1991.0,318.0,840.0,556.0,2316.0,619.0,,,,,,,,,,,,,,,,,,,,,,,,,,,,,,,,,,,,,,,,,,,,,,,,,,,,,,
Jugal,Acipenser stellatus,L,103,9,0.003689,2665.0,981.0,2729.0,563.0,2795.0,299.0,2691.0,295.0,2521.0,285.0,2054.0,75.0,2208.0,283.0,1014.0,354.0,2439.0,606.0,,,,,,,,,,,,,,,,,,,,,,,,,,,,,,,,,,,,,,,,,,,,,,,,,,,,,,
Jugal,Acipenser stellatus,L,116,9,0.003717,2865.0,1284.0,2908.0,784.0,3089.0,607.0,2913.0,471.0,2835.0,440.0,2144.0,119.0,2325.0,386.0,861.0,480.0,2566.0,758.0,,,,,,,,,,,,,,,,,,,,,,,,,,,,,,,,,,,,,,,,,,,,,,,,,,,,,,
Jugal,Acipenser stellatus,R,102,9,0.003672,1540.0,950.0,1625.0,502.0,1746.0,273.0,1545.0,248.0,1255.0,200.0,906.0,130.0,951.0,167.0,166.0,238.0,1300.0,509.0,,,,,,,,,,,,,,,,,,,,,,,,,,,,,,,,,,,,,,,,,,,,,,,,,,,,,,
Jugal,Acipenser stellatus,R,103,9,0.003685,1856.0,863.0,1844.0,483.0,1936.0,224.0,1755.0,233.0,1689.0,252.0,1097.0,87.0,1370.0,283.0,128.0,662.0,1616.0,573.0,,,,,,,,,,,,,,,,,,,,,,,,,,,,,,,,,,,,,,,,,,,,,,,,,,,,,,
Jugal,Acipenser stellatus,R,116,9,0.003726,2269.0,1301.0,2231.0,775.0,2347.0,650.0,2028.0,428.0,1936.0,428.0,1479.0,145.0,1611.0,485.0,116.0,742.0,1856.0,843.0,,,,,,,,,,,,,,,,,,,,,,,,,,,,,,,,,,,,,,,,,,,,,,,,,,,,,,
Jugal,Bester,L,1,9,0.003498,1899.0,410.0,1939.0,275.0,2038.0,174.0,1969.0,80.0,1894.0,89.0,1767.0,61.0,1776.0,87.0,1691.0,87.0,1854.0,221.0,,,,,,,,,,,,,,,,,,,,,,,,,,,,,,,,,,,,,,,,,,,,,,,,,,,,,,
Jugal,Bester,R,1,9,0.003564,281.0,606.0,328.0,368.0,430.0,278.0,357.0,168.0,309.0,168.0,121.0,85.0,166.0,149.0,102.0,163.0,234.0,276.0,,,,,,,,,,,,,,,,,,,,,,,,,,,,,,,,,,,,,,,,,,,,,,,,,,,,,,
Jugal,Bester,R,2,9,0.003502,479.0,2196.0,467.0,1833.0,493.0,1753.0,456.0,1729.0,420.0,1734.0,166.0,1677.0,236.0,1706.0,130.0,1722.0,345.0,1852.0,,,,,,,,,,,,,,,,,,,,,,,,,,,,,,,,,,,,,,,,,,,,,,,,,,,,,,
Jugal,Huso huso,L,2,9,0.003631,2316.0,490.0,2281.0,346.0,2318.0,183.0,2231.0,160.0,2116.0,162.0,1960.0,136.0,1976.0,153.0,1943.0,157.0,2172.0,242.0,,,,,,,,,,,,,,,,,,,,,,,,,,,,,,,,,,,,,,,,,,,,,,,,,,,,,,
Jugal,Huso huso,L,3,9,0.003603,1387.0,575.0,1293.0,226.0,1337.0,101.0,1267.0,99.0,1116.0,117.0,958.0,94.0,951.0,113.0,925.0,120.0,1217.0,240.0,,,,,,,,,,,,,,,,,,,,,,,,,,,,,,,,,,,,,,,,,,,,,,,,,,,,,,
Jugal,Huso huso,R,1,9,0.003555,300.0,595.0,321.0,368.0,415.0,274.0,373.0,220.0,283.0,156.0,194.0,85.0,180.0,95.0,116.0,85.0,291.0,265.0,,,,,,,,,,,,,,,,,,,,,,,,,,,,,,,,,,,,,,,,,,,,,,,,,,,,,,
Jugal,Huso huso,R,2,9,0.003668,465.0,373.0,349.0,194.0,371.0,48.0,307.0,38.0,225.0,79.0,170.0,74.0,163.0,86.0,48.0,104.0,258.0,147.0,,,,,,,,,,,,,,,,,,,,,,,,,,,,,,,,,,,,,,,,,,,,,,,,,,,,,,
Jugal,Huso huso,R,3,9,0.003657,368.0,603.0,354.0,310.0,449.0,232.0,345.0,136.0,276.0,136.0,104.0,46.0,161.0,96.0,76.0,103.0,279.0,261.0,,,,,,,,,,,,,,,,,,,,,,,,,,,,,,,,,,,,,,,,,,,,,,,,,,,,,,
Jugal,Huso huso,R,4,9,0.003637,590.0,404.0,470.0,162.0,500.0,91.0,427.0,67.0,307.0,117.0,222.0,119.0,217.0,133.0,67.0,159.0,359.0,180.0,,,,,,,,,,,,,,,,,,,,,,,,,,,,,,,,,,,,,,,,,,,,,,,,,,,,,,
Jugal,Sevbel,L,1,9,0.003674,2299.0,698.0,2264.0,389.0,2307.0,217.0,2243.0,179.0,2047.0,146.0,1594.0,92.0,1769.0,153.0,1260.0,254.0,2132.0,356.0,,,,,,,,,,,,,,,,,,,,,,,,,,,,,,,,,,,,,,,,,,,,,,,,,,,,,,
Jugal,Sevbel,R,1,9,0.003601,1234.0,719.0,1158.0,283.0,1189.0,215.0,1116.0,163.0,1057.0,151.0,493.0,40.0,642.0,128.0,52.0,253.0,988.0,328.0,,,,,,,,,,,,,,,,,,,,,,,,,,,,,,,,,,,,,,,,,,,,,,,,,,,,,,
Parasphenoid,Acipenser gueldenstaedtii,unknown,1,22,0.003509,2359.0,2069.0,1301.0,2233.0,2359.0,2279.0,2846.0,2339.0,2865.0,2431.0,3062.0,2575.0,2990.0,2352.0,2951.0,2227.0,3253.0,2194.0,3535.0,2030.0,3529.0,1977.0,3259.0,1912.0,2944.0,1898.0,2957.0,1820.0,3030.0,1603.0,2819.0,1728.0,2819.0,1826.0,2346.0,1912.0,1301.0,2063.0,2517.0,2043.0,2524.0,2128.0,2911.0,2069.0,,,,,,,,,,,,,,,,,,,,,,,,,,,,
Parasphenoid,Acipenser gueldenstaedtii,unknown,2,22,0.003533,2478.0,2352.0,1676.0,2667.0,2537.0,2523.0,2846.0,2523.0,2924.0,2621.0,3062.0,2726.0,3036.0,2529.0,2990.0,2477.0,3365.0,2385.0,3496.0,2253.0,3476.0,2174.0,3364.0,2115.0,2957.0,2174.0,2990.0,2082.0,2957.0,1859.0,2846.0,2023.0,2819.0,2069.0,2478.0,2168.0,1577.0,2385.0,2648.0,2273.0,2701.0,2358.0,2911.0,2293.0,,,,,,,,,,,,,,,,,,,,,,,,,,,,
Parasphenoid,Acipenser gueldenstaedtii,unknown,3,22,0.003533,2300.0,2332.0,1131.0,2595.0,2307.0,2509.0,2786.0,2549.0,2793.0,2674.0,3036.0,2772.0,2957.0,2569.0,2924.0,2457.0,3345.0,2346.0,3496.0,2174.0,3463.0,2089.0,3265.0,2023.0,2911.0,2096.0,2852.0,1879.0,2780.0,1682.0,2688.0,1879.0,2701.0,2036.0,2274.0,2155.0,1104.0,2378.0,2484.0,2253.0,2550.0,2371.0,2839.0,2279.0,,,,,,,,,,,,,,,,,,,,,,,,,,,,
Parasphenoid,Acipenser gueldenstaedtii,unknown,4,22,0.003533,2586.0,2172.0,1566.0,2278.0,2580.0,2344.0,2893.0,2409.0,2909.0,2499.0,3093.0,2625.0,3017.0,2432.0,2983.0,2335.0,3291.0,2301.0,3531.0,2176.0,3533.0,2126.0,3250.0,2054.0,2971.0,2029.0,3010.0,1974.0,3066.0,1792.0,2863.0,1895.0,2870.0,1971.0,2587.0,2063.0,1622.0,2176.0,2633.0,2165.0,2635.0,2238.0,2934.0,2186.0,,,,,,,,,,,,,,,,,,,,,,,,,,,,
Parasphenoid,Acipenser gueldenstaedtii,unknown,5,22,0.003516,1894.0,2191.0,229.0,2488.0,1918.0,2501.0,2599.0,2505.0,2640.0,2709.0,2877.0,2819.0,2844.0,2566.0,2828.0,2456.0,3391.0,2386.0,3819.0,2215.0,3827.0,2121.0,3362.0,1954.0,2807.0,1876.0,2840.0,1725.0,2954.0,1456.0,2612.0,1623.0,2620.0,1774.0,1877.0,1840.0,213.0,1978.0,2208.0,2080.0,2220.0,2223.0,2787.0,2146.0,,,,,,,,,,,,,,,,,,,,,,,,,,,,
Parasphenoid,Acipenser gueldenstaedtii,unknown,7,22,0.01,2085.0,1527.0,993.0,1656.0,2081.0,1699.0,2562.0,1750.0,2584.0,1813.0,2665.0,1924.0,2660.0,1792.0,2636.0,1732.0,3288.0,1699.0,3411.0,1594.0,3426.0,1511.0,3238.0,1412.0,2645.0,1335.0,2660.0,1280.0,2678.0,1145.0,2563.0,1272.0,2567.0,1313.0,2088.0,1359.0,958.0,1367.0,2318.0,1478.0,2311.0,1577.0,2603.0,1537.0,,,,,,,,,,,,,,,,,,,,,,,,,,,,
Parasphenoid,Acipenser gueldenstaedtii,unknown,8,22,0.010304,1725.0,1479.0,749.0,1603.0,1714.0,1685.0,2261.0,1710.0,2280.0,1774.0,2446.0,1949.0,2432.0,1755.0,2371.0,1678.0,2912.0,1650.0,3085.0,1540.0,3109.0,1416.0,2905.0,1294.0,2371.0,1270.0,2411.0,1207.0,2458.0,997.0,2287.0,1158.0,2245.0,1242.0,1718.0,1275.0,794.0,1317.0,1929.0,1432.0,1910.0,1514.0,2294.0,1476.0,,,,,,,,,,,,,,,,,,,,,,,,,,,,
Parasphenoid,Acipenser ruthenus,unknown,1,22,0.003619,2558.0,2033.0,1666.0,2211.0,2560.0,2225.0,2951.0,2250.0,2985.0,2299.0,3212.0,2455.0,3146.0,2240.0,3059.0,2174.0,3569.0,2181.0,3656.0,2084.0,3656.0,2033.0,3611.0,1936.0,3056.0,1938.0,3138.0,1852.0,3241.0,1637.0,2988.0,1787.0,2945.0,1869.0,2571.0,1852.0,1714.0,1825.0,2662.0,2044.0,2660.0,2087.0,2969.0,2054.0,,,,,,,,,,,,,,,,,,,,,,,,,,,,
Parasphenoid,Acipenser ruthenus,unknown,3,22,0.003527,2255.0,1829.0,967.0,1854.0,2244.0,2015.0,2701.0,2078.0,2705.0,2163.0,2991.0,2392.0,2883.0,2095.0,2826.0,1997.0,3464.0,1969.0,3440.0,1863.0,3446.0,1805.0,3404.0,1693.0,2846.0,1704.0,2897.0,1664.0,2958.0,1387.0,2698.0,1539.0,2708.0,1650.0,2260.0,1687.0,1076.0,1741.0,2411.0,1799.0,2381.0,1873.0,2799.0,1846.0,,,,,,,,,,,,,,,,,,,,,,,,,,,,
Parasphenoid,Acipenser ruthenus,unknown,4,22,0.003174,2707.0,2169.0,1386.0,2203.0,2694.0,2386.0,3202.0,2415.0,3229.0,2509.0,3444.0,2757.0,3462.0,2483.0,3357.0,2339.0,3929.0,2338.0,4063.0,2220.0,4063.0,2147.0,3953.0,2022.0,3362.0,1997.0,3425.0,1920.0,3470.0,1592.0,3257.0,1826.0,3202.0,1925.0,2721.0,1942.0,1436.0,2102.0,2856.0,2127.0,2878.0,2200.0,3298.0,2167.0,,,,,,,,,,,,,,,,,,,,,,,,,,,,
Parasphenoid,Bester,unknown,1,22,0.003513,1922.0,1869.0,769.0,2062.0,1916.0,2166.0,2684.0,2112.0,2678.0,2250.0,2904.0,2473.0,2914.0,2109.0,2890.0,2018.0,3686.0,1974.0,3736.0,1829.0,3733.0,1697.0,3652.0,1519.0,2883.0,1603.0,2883.0,1485.0,2856.0,1144.0,2664.0,1401.0,2678.0,1512.0,1912.0,1542.0,786.0,1822.0,2411.0,1782.0,2398.0,1910.0,2836.0,1829.0,,,,,,,,,,,,,,,,,,,,,,,,,,,,
Parasphenoid,Bester,unknown,2,22,0.003525,2066.0,2043.0,828.0,2151.0,2077.0,2377.0,2775.0,2314.0,2801.0,2444.0,3046.0,2652.0,2968.0,2362.0,2942.0,2281.0,3669.0,2229.0,3828.0,2051.0,3821.0,1943.0,3739.0,1806.0,2953.0,1824.0,2997.0,1732.0,3034.0,1454.0,2790.0,1654.0,2801.0,1773.0,2059.0,1702.0,824.0,1869.0,2578.0,1965.0,2563.0,2125.0,2886.0,2058.0,,,,,,,,,,,,,,,,,,,,,,,,,,,,
Parasphenoid,Huso huso,unknown,1,22,0.003542,1792.0,1974.0,641.0,2252.0,1792.0,2305.0,2869.0,2268.0,2840.0,2374.0,3138.0,2603.0,3081.0,2337.0,3007.0,2223.0,4239.0,2121.0,4341.0,1982.0,4345.0,1832.0,4203.0,1677.0,2991.0,1664.0,3089.0,1530.0,3069.0,1248.0,2816.0,1517.0,2832.0,1615.0,1796.0,1603.0,621.0,1721.0,2497.0,1881.0,2501.0,2019.0,2893.0,1946.0,,,,,,,,,,,,,,,,,,,,,,,,,,,,
Parasphenoid,Huso huso,unknown,2,22,0.003564,2303.0,2338.0,1224.0,2503.0,2297.0,2645.0,2981.0,2591.0,3018.0,2759.0,3163.0,2931.0,3150.0,2699.0,3079.0,2594.0,4020.0,2520.0,4111.0,2443.0,4114.0,2368.0,4040.0,2227.0,3089.0,2122.0,3160.0,2058.0,3180.0,1876.0,2998.0,2038.0,2988.0,2139.0,2303.0,2099.0,1275.0,2237.0,2839.0,2284.0,2843.0,2426.0,2974.0,2348.0,,,,,,,,,,,,,,,,,,,,,,,,,,,,
Parasphenoid,Huso huso,unknown,3,22,0.003524,2290.0,2173.0,1026.0,2395.0,2300.0,2480.0,2944.0,2405.0,2958.0,2564.0,3136.0,2783.0,3143.0,2507.0,3089.0,2382.0,4131.0,2281.0,4087.0,2146.0,4090.0,2041.0,4097.0,1930.0,3052.0,1896.0,3106.0,1758.0,3059.0,1532.0,2924.0,1734.0,2937.0,1910.0,2280.0,1927.0,1042.0,2112.0,2708.0,2112.0,2732.0,2244.0,3015.0,2149.0,,,,,,,,,,,,,,,,,,,,,,,,,,,,
Parasphenoid,Huso huso,unknown,4,22,0.003552,1855.0,2328.0,661.0,2692.0,1882.0,2652.0,2553.0,2486.0,2570.0,2638.0,2829.0,2804.0,2701.0,2571.0,2671.0,2490.0,3770.0,2271.0,3827.0,2153.0,3817.0,2092.0,3693.0,1964.0,2603.0,1981.0,2657.0,1879.0,2610.0,1647.0,2462.0,1900.0,2496.0,2001.0,1852.0,2045.0,624.0,2230.0,2391.0,2190.0,2411.0,2335.0,2566.0,2223.0,,,,,,,,,,,,,,,,,,,,,,,,,,,,
Parasphenoid,Sevbel,unknown,1,22,0.003616,1702.0,2036.0,125.0,2403.0,1702.0,2461.0,2691.0,2420.0,2672.0,2614.0,3094.0,2917.0,2970.0,2465.0,2900.0,2286.0,3916.0,2252.0,4089.0,2039.0,4105.0,1876.0,3951.0,1712.0,2895.0,1690.0,2937.0,1556.0,3004.0,1040.0,2689.0,1447.0,2668.0,1600.0,1721.0,1609.0,111.0,1748.0,2219.0,1929.0,2212.0,2099.0,2815.0,1985.0,,,,,,,,,,,,,,,,,,,,,,,,,,,,
Postorbital,Acipenser gueldenstaedtii,L,1,6,0.00357,2393.0,648.0,2352.0,403.0,2329.0,107.0,2227.0,498.0,2101.0,596.0,2271.0,583.0,,,,,,,,,,,,,,,,,,,,,,,,,,,,,,,,,,,,,,,,,,,,,,,,,,,,,,,,,,,,
Postorbital,Acipenser gueldenstaedtii,L,2,6,0.003597,1859.0,670.0,1737.0,411.0,1718.0,124.0,1652.0,443.0,1524.0,502.0,1687.0,529.0,,,,,,,,,,,,,,,,,,,,,,,,,,,,,,,,,,,,,,,,,,,,,,,,,,,,,,,,,,,,
Postorbital,Acipenser gueldenstaedtii,L,3,6,0.00357,2238.0,783.0,2147.0,471.0,2160.0,119.0,2067.0,491.0,1922.0,582.0,2102.0,608.0,,,,,,,,,,,,,,,,,,,,,,,,,,,,,,,,,,,,,,,,,,,,,,,,,,,,,,,,,,,,
Postorbital,Acipenser gueldenstaedtii,L,4,6,0.00357,2217.0,584.0,2141.0,391.0,2039.0,126.0,2062.0,471.0,2067.0,567.0,2136.0,510.0,,,,,,,,,,,,,,,,,,,,,,,,,,,,,,,,,,,,,,,,,,,,,,,,,,,,,,,,,,,,
Postorbital,Acipenser gueldenstaedtii,L,5,6,0.00357,2451.0,923.0,2499.0,571.0,2559.0,85.0,2310.0,463.0,2120.0,517.0,2320.0,644.0,,,,,,,,,,,,,,,,,,,,,,,,,,,,,,,,,,,,,,,,,,,,,,,,,,,,,,,,,,,,
Postorbital,Acipenser gueldenstaedtii,L,6,6,0.00364,378.0,1057.0,309.0,680.0,317.0,110.0,176.0,635.0,18.0,750.0,199.0,830.0,,,,,,,,,,,,,,,,,,,,,,,,,,,,,,,,,,,,,,,,,,,,,,,,,,,,,,,,,,,,
Postorbital,Acipenser gueldenstaedtii,L,7,6,0.003608,3059.0,1294.0,2581.0,854.0,2019.0,137.0,2289.0,1067.0,2044.0,1329.0,2524.0,1207.0,,,,,,,,,,,,,,,,,,,,,,,,,,,,,,,,,,,,,,,,,,,,,,,,,,,,,,,,,,,,
Postorbital,Acipenser gueldenstaedtii,L,8,6,0.003647,1841.0,1700.0,1794.0,973.0,1769.0,201.0,1553.0,1079.0,1268.0,1267.0,1659.0,1426.0,,,,,,,,,,,,,,,,,,,,,,,,,,,,,,,,,,,,,,,,,,,,,,,,,,,,,,,,,,,,
Postorbital,Acipenser gueldenstaedtii,R,1,6,0.003558,359.0,634.0,329.0,436.0,310.0,131.0,218.0,513.0,103.0,621.0,251.0,615.0,,,,,,,,,,,,,,,,,,,,,,,,,,,,,,,,,,,,,,,,,,,,,,,,,,,,,,,,,,,,
Postorbital,Acipenser gueldenstaedtii,R,2,6,0.003558,369.0,655.0,300.0,383.0,315.0,67.0,209.0,365.0,82.0,414.0,209.0,470.0,,,,,,,,,,,,,,,,,,,,,,,,,,,,,,,,,,,,,,,,,,,,,,,,,,,,,,,,,,,,
Postorbital,Acipenser gueldenstaedtii,R,3,6,0.003558,438.0,713.0,335.0,396.0,335.0,76.0,275.0,434.0,111.0,580.0,280.0,578.0,,,,,,,,,,,,,,,,,,,,,,,,,,,,,,,,,,,,,,,,,,,,,,,,,,,,,,,,,,,,
Postorbital,Acipenser gueldenstaedtii,R,5,6,0.003558,541.0,843.0,426.0,464.0,355.0,77.0,250.0,558.0,88.0,661.0,339.0,700.0,,,,,,,,,,,,,,,,,,,,,,,,,,,,,,,,,,,,,,,,,,,,,,,,,,,,,,,,,,,,
Postorbital,Acipenser gueldenstaedtii,R,6,6,0.003558,2100.0,1057.0,1998.0,710.0,1981.0,146.0,1846.0,686.0,1633.0,771.0,1870.0,836.0,,,,,,,,,,,,,,,,,,,,,,,,,,,,,,,,,,,,,,,,,,,,,,,,,,,,,,,,,,,,
Postorbital,Acipenser gueldenstaedtii,R,7,6,0.003558,1053.0,1843.0,822.0,1046.0,730.0,158.0,529.0,1107.0,71.0,1281.0,702.0,1468.0,,,,,,,,,,,,,,,,,,,,,,,,,,,,,,,,,,,,,,,,,,,,,,,,,,,,,,,,,,,,
Postorbital,Acipenser ruthenus,L,2,6,0.003558,2371.0,660.0,2414.0,347.0,2525.0,167.0,2317.0,341.0,2219.0,380.0,2295.0,448.0,,,,,,,,,,,,,,,,,,,,,,,,,,,,,,,,,,,,,,,,,,,,,,,,,,,,,,,,,,,,
Postorbital,Acipenser ruthenus,L,3,6,0.003558,2189.0,667.0,2103.0,370.0,2087.0,100.0,1976.0,415.0,1875.0,499.0,2051.0,535.0,,,,,,,,,,,,,,,,,,,,,,,,,,,,,,,,,,,,,,,,,,,,,,,,,,,,,,,,,,,,
Postorbital,Acipenser ruthenus,L,4,6,0.003558,1483.0,1201.0,1471.0,562.0,1337.0,87.0,1260.0,670.0,1007.0,714.0,1303.0,923.0,,,,,,,,,,,,,,,,,,,,,,,,,,,,,,,,,,,,,,,,,,,,,,,,,,,,,,,,,,,,
Postorbital,Acipenser ruthenus,L,5,6,0.003558,582.0,967.0,438.0,642.0,434.0,136.0,301.0,577.0,121.0,602.0,350.0,714.0,,,,,,,,,,,,,,,,,,,,,,,,,,,,,,,,,,,,,,,,,,,,,,,,,,,,,,,,,,,,
Postorbital,Acipenser ruthenus,R,1,6,0.003558,786.0,1002.0,644.0,745.0,573.0,136.0,467.0,665.0,255.0,721.0,529.0,850.0,,,,,,,,,,,,,,,,,,,,,,,,,,,,,,,,,,,,,,,,,,,,,,,,,,,,,,,,,,,,
Postorbital,Acipenser ruthenus,R,2,6,0.003558,1976.0,638.0,1877.0,367.0,1884.0,139.0,1778.0,392.0,1701.0,447.0,1813.0,490.0,,,,,,,,,,,,,,,,,,,,,,,,,,,,,,,,,,,,,,,,,,,,,,,,,,,,,,,,,,,,
Postorbital,Acipenser ruthenus,R,3,6,0.003558,319.0,612.0,289.0,362.0,310.0,87.0,161.0,384.0,78.0,434.0,219.0,478.0,,,,,,,,,,,,,,,,,,,,,,,,,,,,,,,,,,,,,,,,,,,,,,,,,,,,,,,,,,,,
Postorbital,Acipenser ruthenus,R,4,6,0.003558,634.0,1157.0,632.0,621.0,624.0,99.0,393.0,627.0,122.0,647.0,441.0,926.0,,,,,,,,,,,,,,,,,,,,,,,,,,,,,,,,,,,,,,,,,,,,,,,,,,,,,,,,,,,,
Postorbital,Acipenser ruthenus,R,5,6,0.002832,950.0,827.0,917.0,530.0,947.0,67.0,773.0,422.0,616.0,426.0,796.0,554.0,,,,,,,,,,,,,,,,,,,,,,,,,,,,,,,,,,,,,,,,,,,,,,,,,,,,,,,,,,,,
Postorbital,Acipenser stellatus,L,102,6,0.003558,1916.0,1240.0,1761.0,759.0,1657.0,164.0,1540.0,767.0,1462.0,1101.0,1632.0,998.0,,,,,,,,,,,,,,,,,,,,,,,,,,,,,,,,,,,,,,,,,,,,,,,,,,,,,,,,,,,,
Postorbital,Acipenser stellatus,L,103,6,,1583.0,1185.0,1482.0,784.0,1503.0,79.0,1318.0,622.0,1087.0,868.0,1303.0,840.0,,,,,,,,,,,,,,,,,,,,,,,,,,,,,,,,,,,,,,,,,,,,,,,,,,,,,,,,,,,,
Postorbital,Acipenser stellatus,L,116,6,,452.0,1465.0,484.0,1013.0,650.0,280.0,298.0,754.0,135.0,815.0,289.0,1059.0,,,,,,,,,,,,,,,,,,,,,,,,,,,,,,,,,,,,,,,,,,,,,,,,,,,,,,,,,,,,
Postorbital,Acipenser stellatus,R,102,6,,623.0,1226.0,551.0,774.0,647.0,114.0,335.0,711.0,206.0,950.0,368.0,945.0,,,,,,,,,,,,,,,,,,,,,,,,,,,,,,,,,,,,,,,,,,,,,,,,,,,,,,,,,,,,
Postorbital,Acipenser stellatus,R,103,6,,539.0,1215.0,486.0,836.0,539.0,143.0,332.0,680.0,132.0,911.0,318.0,891.0,,,,,,,,,,,,,,,,,,,,,,,,,,,,,,,,,,,,,,,,,,,,,,,,,,,,,,,,,,,,
Postorbital,Bester,L,1,6,0.003586,1906.0,654.0,1880.0,456.0,1899.0,109.0,1764.0,413.0,1667.0,473.0,1812.0,565.0,,,,,,,,,,,,,,,,,,,,,,,,,,,,,,,,,,,,,,,,,,,,,,,,,,,,,,,,,,,,
Postorbital,Huso huso,L,1,6,0.003558,314.0,742.0,287.0,425.0,254.0,100.0,181.0,466.0,126.0,479.0,233.0,612.0,,,,,,,,,,,,,,,,,,,,,,,,,,,,,,,,,,,,,,,,,,,,,,,,,,,,,,,,,,,,
Postorbital,Huso huso,L,2,6,0.003558,1637.0,684.0,1543.0,442.0,1493.0,117.0,1483.0,412.0,1467.0,461.0,1511.0,536.0,,,,,,,,,,,,,,,,,,,,,,,,,,,,,,,,,,,,,,,,,,,,,,,,,,,,,,,,,,,,
Postorbital,Huso huso,L,4,6,0.003558,1708.0,660.0,1594.0,435.0,1533.0,102.0,1551.0,310.0,1498.0,492.0,1528.0,506.0,,,,,,,,,,,,,,,,,,,,,,,,,,,,,,,,,,,,,,,,,,,,,,,,,,,,,,,,,,,,
Postorbital,Huso huso,R,1,6,0.003558,231.0,780.0,266.0,487.0,294.0,97.0,167.0,466.0,116.0,487.0,181.0,606.0,,,,,,,,,,,,,,,,,,,,,,,,,,,,,,,,,,,,,,,,,,,,,,,,,,,,,,,,,,,,
Postorbital,Huso huso,R,2,6,0.003558,2041.0,733.0,2003.0,508.0,2062.0,125.0,1964.0,362.0,1925.0,429.0,1939.0,538.0,,,,,,,,,,,,,,,,,,,,,,,,,,,,,,,,,,,,,,,,,,,,,,,,,,,,,,,,,,,,
Postorbital,Huso huso,R,3,6,0.003558,425.0,742.0,317.0,496.0,266.0,79.0,223.0,438.0,126.0,467.0,252.0,555.0,,,,,,,,,,,,,,,,,,,,,,,,,,,,,,,,,,,,,,,,,,,,,,,,,,,,,,,,,,,,
Postorbital,Huso huso,R,4,6,0.003558,192.0,766.0,226.0,504.0,363.0,169.0,220.0,382.0,129.0,484.0,150.0,572.0,,,,,,,,,,,,,,,,,,,,,,,,,,,,,,,,,,,,,,,,,,,,,,,,,,,,,,,,,,,,
Postorbital,Sevbel,L,1,6,0.003558,2046.0,1073.0,1993.0,717.0,1911.0,123.0,1784.0,708.0,1606.0,749.0,1866.0,802.0,,,,,,,,,,,,,,,,,,,,,,,,,,,,,,,,,,,,,,,,,,,,,,,,,,,,,,,,,,,,
Subopercle,Acipenser baerii,L,1,8,0.003589,1231.0,911.0,1611.0,759.0,2234.0,1032.0,2337.0,229.0,1695.0,45.0,1069.0,470.0,1667.0,435.0,1654.0,543.0,,,,,,,,,,,,,,,,,,,,,,,,,,,,,,,,,,,,,,,,,,,,,,,,,,,,,,,,
Subopercle,Acipenser baerii,R,1,8,0.003576,338.0,1047.0,755.0,775.0,1341.0,1069.0,1478.0,281.0,832.0,130.0,184.0,492.0,824.0,440.0,820.0,557.0,,,,,,,,,,,,,,,,,,,,,,,,,,,,,,,,,,,,,,,,,,,,,,,,,,,,,,,,
Subopercle,Acipenser gueldenstaedtii,L,1,8,0.003533,1550.0,688.0,1830.0,584.0,2259.0,691.0,2193.0,97.0,1857.0,67.0,1452.0,353.0,1870.0,401.0,1870.0,457.0,,,,,,,,,,,,,,,,,,,,,,,,,,,,,,,,,,,,,,,,,,,,,,,,,,,,,,,,
Subopercle,Acipenser gueldenstaedtii,L,2,8,0.003609,1394.0,632.0,1593.0,494.0,2020.0,566.0,1929.0,94.0,1652.0,48.0,1277.0,327.0,1671.0,343.0,1668.0,415.0,,,,,,,,,,,,,,,,,,,,,,,,,,,,,,,,,,,,,,,,,,,,,,,,,,,,,,,,
Subopercle,Acipenser gueldenstaedtii,L,3,8,0.003597,1601.0,748.0,1863.0,551.0,2269.0,782.0,2282.0,192.0,1928.0,75.0,1482.0,376.0,1912.0,352.0,1910.0,430.0,,,,,,,,,,,,,,,,,,,,,,,,,,,,,,,,,,,,,,,,,,,,,,,,,,,,,,,,
Subopercle,Acipenser gueldenstaedtii,L,4,8,0.003584,1570.0,501.0,1779.0,497.0,2151.0,573.0,2166.0,97.0,1889.0,30.0,1509.0,271.0,1866.0,290.0,1864.0,372.0,,,,,,,,,,,,,,,,,,,,,,,,,,,,,,,,,,,,,,,,,,,,,,,,,,,,,,,,
Subopercle,Acipenser gueldenstaedtii,L,5,8,0.003564,1722.0,974.0,2026.0,864.0,2674.0,970.0,2657.0,190.0,2093.0,77.0,1453.0,521.0,2098.0,503.0,2103.0,683.0,,,,,,,,,,,,,,,,,,,,,,,,,,,,,,,,,,,,,,,,,,,,,,,,,,,,,,,,
Subopercle,Acipenser gueldenstaedtii,L,6,8,0.003595,1225.0,986.0,1730.0,855.0,2430.0,1158.0,2417.0,244.0,1890.0,93.0,1107.0,450.0,1859.0,538.0,1843.0,632.0,,,,,,,,,,,,,,,,,,,,,,,,,,,,,,,,,,,,,,,,,,,,,,,,,,,,,,,,
Subopercle,Acipenser gueldenstaedtii,L,7,8,0.003672,1288.0,1907.0,2138.0,1597.0,3179.0,1912.0,3170.0,279.0,2282.0,121.0,891.0,1070.0,2337.0,881.0,2322.0,1274.0,,,,,,,,,,,,,,,,,,,,,,,,,,,,,,,,,,,,,,,,,,,,,,,,,,,,,,,,
Subopercle,Acipenser gueldenstaedtii,L,8,8,0.003699,1033.0,1523.0,1639.0,1493.0,2679.0,2179.0,2993.0,748.0,2171.0,170.0,796.0,640.0,1868.0,1047.0,1804.0,1274.0,,,,,,,,,,,,,,,,,,,,,,,,,,,,,,,,,,,,,,,,,,,,,,,,,,,,,,,,
Subopercle,Acipenser gueldenstaedtii,R,1,8,0.003533,132.0,625.0,362.0,566.0,812.0,735.0,802.0,156.0,465.0,78.0,43.0,302.0,438.0,389.0,429.0,482.0,,,,,,,,,,,,,,,,,,,,,,,,,,,,,,,,,,,,,,,,,,,,,,,,,,,,,,,,
Subopercle,Acipenser gueldenstaedtii,R,2,8,0.003584,245.0,604.0,449.0,517.0,869.0,650.0,834.0,165.0,565.0,96.0,174.0,326.0,569.0,371.0,547.0,429.0,,,,,,,,,,,,,,,,,,,,,,,,,,,,,,,,,,,,,,,,,,,,,,,,,,,,,,,,
Subopercle,Acipenser gueldenstaedtii,R,3,8,0.00361,207.0,756.0,434.0,570.0,861.0,748.0,815.0,139.0,452.0,64.0,42.0,367.0,454.0,369.0,456.0,439.0,,,,,,,,,,,,,,,,,,,,,,,,,,,,,,,,,,,,,,,,,,,,,,,,,,,,,,,,
Subopercle,Acipenser gueldenstaedtii,R,4,8,0.00361,159.0,514.0,360.0,500.0,750.0,528.0,690.0,60.0,404.0,31.0,73.0,280.0,402.0,305.0,397.0,365.0,,,,,,,,,,,,,,,,,,,,,,,,,,,,,,,,,,,,,,,,,,,,,,,,,,,,,,,,
Subopercle,Acipenser gueldenstaedtii,R,5,8,0.00358,353.0,936.0,619.0,882.0,1241.0,1023.0,1306.0,213.0,749.0,54.0,132.0,444.0,701.0,539.0,675.0,680.0,,,,,,,,,,,,,,,,,,,,,,,,,,,,,,,,,,,,,,,,,,,,,,,,,,,,,,,,
Subopercle,Acipenser gueldenstaedtii,R,6,8,0.003613,198.0,980.0,585.0,883.0,1267.0,1107.0,1226.0,285.0,779.0,59.0,46.0,429.0,717.0,520.0,702.0,635.0,,,,,,,,,,,,,,,,,,,,,,,,,,,,,,,,,,,,,,,,,,,,,,,,,,,,,,,,
Subopercle,Acipenser gueldenstaedtii,R,7,8,0.003688,457.0,1828.0,1293.0,1542.0,2442.0,1897.0,2370.0,283.0,1579.0,95.0,138.0,827.0,1568.0,846.0,1563.0,1329.0,,,,,,,,,,,,,,,,,,,,,,,,,,,,,,,,,,,,,,,,,,,,,,,,,,,,,,,,
Subopercle,Acipenser ruthenus,L,1,8,0.003682,1254.0,1128.0,1726.0,958.0,2419.0,1244.0,2476.0,150.0,1880.0,18.0,1199.0,510.0,1835.0,585.0,1765.0,762.0,,,,,,,,,,,,,,,,,,,,,,,,,,,,,,,,,,,,,,,,,,,,,,,,,,,,,,,,
Subopercle,Acipenser ruthenus,L,2,8,0.003647,1607.0,555.0,1824.0,491.0,2193.0,595.0,2227.0,116.0,1911.0,82.0,1549.0,322.0,1927.0,327.0,1917.0,385.0,,,,,,,,,,,,,,,,,,,,,,,,,,,,,,,,,,,,,,,,,,,,,,,,,,,,,,,,
Subopercle,Acipenser ruthenus,L,3,8,0.003602,1469.0,668.0,1779.0,555.0,2179.0,763.0,2142.0,81.0,1795.0,52.0,1313.0,333.0,1778.0,362.0,1777.0,433.0,,,,,,,,,,,,,,,,,,,,,,,,,,,,,,,,,,,,,,,,,,,,,,,,,,,,,,,,
Subopercle,Acipenser ruthenus,L,4,8,0.002475,1083.0,865.0,1524.0,807.0,2077.0,1125.0,2153.0,266.0,1694.0,132.0,980.0,481.0,1665.0,547.0,1628.0,645.0,,,,,,,,,,,,,,,,,,,,,,,,,,,,,,,,,,,,,,,,,,,,,,,,,,,,,,,,
Subopercle,Acipenser ruthenus,L,5,8,0.002897,339.0,870.0,616.0,648.0,1094.0,693.0,1023.0,115.0,566.0,128.0,144.0,464.0,567.0,451.0,592.0,500.0,,,,,,,,,,,,,,,,,,,,,,,,,,,,,,,,,,,,,,,,,,,,,,,,,,,,,,,,
Subopercle,Acipenser ruthenus,R,1,8,0.003659,124.0,1203.0,651.0,982.0,1318.0,1149.0,1317.0,231.0,671.0,84.0,34.0,579.0,672.0,638.0,655.0,802.0,,,,,,,,,,,,,,,,,,,,,,,,,,,,,,,,,,,,,,,,,,,,,,,,,,,,,,,,
Subopercle,Acipenser ruthenus,R,2,8,0.003645,139.0,498.0,360.0,454.0,711.0,574.0,781.0,133.0,465.0,65.0,79.0,263.0,428.0,288.0,428.0,351.0,,,,,,,,,,,,,,,,,,,,,,,,,,,,,,,,,,,,,,,,,,,,,,,,,,,,,,,,
Subopercle,Acipenser ruthenus,R,3,8,0.003667,295.0,728.0,480.0,623.0,884.0,873.0,946.0,222.0,490.0,66.0,74.0,335.0,496.0,413.0,499.0,496.0,,,,,,,,,,,,,,,,,,,,,,,,,,,,,,,,,,,,,,,,,,,,,,,,,,,,,,,,
Subopercle,Acipenser ruthenus,R,4,8,0.00245,233.0,918.0,680.0,806.0,1303.0,998.0,1225.0,119.0,704.0,132.0,110.0,465.0,755.0,564.0,757.0,631.0,,,,,,,,,,,,,,,,,,,,,,,,,,,,,,,,,,,,,,,,,,,,,,,,,,,,,,,,
Subopercle,Acipenser ruthenus,R,5,8,0.002869,774.0,732.0,1085.0,595.0,1551.0,888.0,1685.0,256.0,1183.0,27.0,706.0,302.0,1159.0,397.0,1150.0,488.0,,,,,,,,,,,,,,,,,,,,,,,,,,,,,,,,,,,,,,,,,,,,,,,,,,,,,,,,
Subopercle,Acipenser stellatus,L,102,8,0.003619,1473.0,1136.0,1886.0,1012.0,2530.0,1306.0,2582.0,188.0,2065.0,58.0,1375.0,543.0,2022.0,624.0,2009.0,893.0,,,,,,,,,,,,,,,,,,,,,,,,,,,,,,,,,,,,,,,,,,,,,,,,,,,,,,,,
Subopercle,Acipenser stellatus,L,116,8,0.003636,1204.0,1150.0,1701.0,989.0,2392.0,1252.0,2326.0,150.0,1808.0,74.0,1126.0,601.0,1786.0,634.0,1773.0,802.0,,,,,,,,,,,,,,,,,,,,,,,,,,,,,,,,,,,,,,,,,,,,,,,,,,,,,,,,
Subopercle,Acipenser stellatus,R,102,8,0.003742,73.0,1081.0,496.0,1006.0,1124.0,1312.0,1178.0,177.0,670.0,87.0,46.0,580.0,645.0,652.0,632.0,865.0,,,,,,,,,,,,,,,,,,,,,,,,,,,,,,,,,,,,,,,,,,,,,,,,,,,,,,,,
Subopercle,Acipenser stellatus,R,103,8,0.003643,413.0,1079.0,767.0,933.0,1278.0,1132.0,1262.0,154.0,783.0,100.0,192.0,595.0,795.0,618.0,802.0,812.0,,,,,,,,,,,,,,,,,,,,,,,,,,,,,,,,,,,,,,,,,,,,,,,,,,,,,,,,
Subopercle,Acipenser stellatus,R,116,8,0.003674,257.0,1138.0,708.0,982.0,1393.0,1325.0,1398.0,148.0,825.0,64.0,166.0,618.0,840.0,621.0,830.0,825.0,,,,,,,,,,,,,,,,,,,,,,,,,,,,,,,,,,,,,,,,,,,,,,,,,,,,,,,,
Subopercle,Bester,L,1,8,0.003547,1469.0,624.0,1871.0,569.0,2356.0,772.0,2373.0,150.0,1916.0,103.0,1452.0,434.0,1907.0,347.0,1905.0,468.0,,,,,,,,,,,,,,,,,,,,,,,,,,,,,,,,,,,,,,,,,,,,,,,,,,,,,,,,
Subopercle,Bester,L,2,8,0.003578,1256.0,709.0,1535.0,566.0,2004.0,837.0,2039.0,257.0,1578.0,90.0,1104.0,451.0,1546.0,314.0,1547.0,445.0,,,,,,,,,,,,,,,,,,,,,,,,,,,,,,,,,,,,,,,,,,,,,,,,,,,,,,,,
Subopercle,Bester,R,1,8,0.003563,157.0,697.0,606.0,598.0,1083.0,802.0,1086.0,160.0,599.0,133.0,146.0,445.0,590.0,344.0,598.0,452.0,,,,,,,,,,,,,,,,,,,,,,,,,,,,,,,,,,,,,,,,,,,,,,,,,,,,,,,,
Subopercle,Bester,R,2,8,0.003511,344.0,783.0,514.0,675.0,912.0,926.0,971.0,271.0,520.0,122.0,102.0,390.0,510.0,491.0,512.0,554.0,,,,,,,,,,,,,,,,,,,,,,,,,,,,,,,,,,,,,,,,,,,,,,,,,,,,,,,,
Subopercle,Huso huso,L,1,8,0.003586,1205.0,744.0,1632.0,581.0,2284.0,884.0,2225.0,252.0,1698.0,56.0,1152.0,341.0,1684.0,329.0,1682.0,382.0,,,,,,,,,,,,,,,,,,,,,,,,,,,,,,,,,,,,,,,,,,,,,,,,,,,,,,,,
Subopercle,Huso huso,L,2,8,0.00365,1452.0,561.0,1786.0,439.0,2161.0,722.0,2161.0,159.0,1841.0,30.0,1380.0,314.0,1813.0,262.0,1804.0,318.0,,,,,,,,,,,,,,,,,,,,,,,,,,,,,,,,,,,,,,,,,,,,,,,,,,,,,,,,
Subopercle,Huso huso,L,3,8,0.00367,1038.0,595.0,1453.0,497.0,1911.0,891.0,1930.0,199.0,1560.0,65.0,945.0,430.0,1512.0,277.0,1505.0,342.0,,,,,,,,,,,,,,,,,,,,,,,,,,,,,,,,,,,,,,,,,,,,,,,,,,,,,,,,
Subopercle,Huso huso,L,4,8,0.003657,861.0,468.0,1295.0,435.0,1678.0,856.0,1758.0,233.0,1404.0,62.0,793.0,322.0,1330.0,278.0,1322.0,328.0,,,,,,,,,,,,,,,,,,,,,,,,,,,,,,,,,,,,,,,,,,,,,,,,,,,,,,,,
Subopercle,Huso huso,R,1,8,0.003638,161.0,710.0,591.0,551.0,1211.0,843.0,1110.0,153.0,622.0,51.0,36.0,409.0,594.0,339.0,591.0,407.0,,,,,,,,,,,,,,,,,,,,,,,,,,,,,,,,,,,,,,,,,,,,,,,,,,,,,,,,
Subopercle,Huso huso,R,2,8,0.00359,190.0,673.0,452.0,486.0,961.0,693.0,913.0,183.0,545.0,92.0,94.0,512.0,457.0,319.0,466.0,372.0,,,,,,,,,,,,,,,,,,,,,,,,,,,,,,,,,,,,,,,,,,,,,,,,,,,,,,,,
Subopercle,Huso huso,R,3,8,0.003618,200.0,679.0,537.0,568.0,1043.0,851.0,1038.0,215.0,670.0,120.0,89.0,481.0,614.0,317.0,609.0,398.0,,,,,,,,,,,,,,,,,,,,,,,,,,,,,,,,,,,,,,,,,,,,,,,,,,,,,,,,
Subopercle,Huso huso,R,4,8,0.003619,210.0,679.0,504.0,506.0,1031.0,775.0,962.0,211.0,602.0,59.0,78.0,557.0,517.0,300.0,515.0,358.0,,,,,,,,,,,,,,,,,,,,,,,,,,,,,,,,,,,,,,,,,,,,,,,,,,,,,,,,
Subopercle,Sevbel,L,1,8,0.003607,790.0,1097.0,1410.0,853.0,2151.0,1188.0,2202.0,305.0,1619.0,145.0,797.0,763.0,1587.0,492.0,1559.0,643.0,,,,,,,,,,,,,,,,,,,,,,,,,,,,,,,,,,,,,,,,,,,,,,,,,,,,,,,,
Subopercle,Sevbel,R,1,8,0.003615,241.0,1119.0,871.0,873.0,1615.0,1162.0,1647.0,343.0,1022.0,189.0,108.0,817.0,990.0,604.0,974.0,705.0,,,,,,,,,,,,,,,,,,,,,,,,,,,,,,,,,,,,,,,,,,,,,,,,,,,,,,,,
Supracleithrum,Acipenser baerii,L,1,36,0.003658,2473.0,602.0,2492.0,546.0,2543.0,657.0,2457.0,1335.0,2180.0,1144.0,1966.0,1291.0,1865.0,1318.0,1890.0,1235.0,1916.0,1152.0,1950.0,1072.0,1981.0,990.0,2007.0,907.0,2030.0,823.0,2050.0,739.0,2064.0,653.0,2064.0,566.0,2059.0,479.0,2052.0,393.0,2042.0,306.0,2030.0,220.0,2048.0,140.0,2400.0,1407.0,2445.0,1460.0,2435.0,1514.0,2382.0,1560.0,2329.0,1605.0,2278.0,1652.0,2215.0,1678.0,2146.0,1677.0,2079.0,1661.0,2012.0,1643.0,1971.0,1605.0,1973.0,1536.0,1994.0,1470.0,2017.0,1404.0,2031.0,1336.0
Supracleithrum,Acipenser baerii,R,1,36,0.003648,613.0,657.0,672.0,617.0,713.0,736.0,658.0,1326.0,345.0,1107.0,191.0,1280.0,105.0,1310.0,119.0,1222.0,141.0,1136.0,161.0,1049.0,175.0,961.0,190.0,873.0,197.0,784.0,205.0,695.0,200.0,606.0,183.0,518.0,162.0,432.0,146.0,344.0,135.0,256.0,137.0,166.0,175.0,86.0,637.0,1347.0,694.0,1391.0,669.0,1460.0,641.0,1527.0,601.0,1587.0,557.0,1645.0,501.0,1691.0,429.0,1695.0,356.0,1691.0,286.0,1672.0,247.0,1614.0,235.0,1543.0,246.0,1471.0,256.0,1399.0,234.0,1330.0
Supracleithrum,Acipenser gueldenstaedtii,L,1,36,0.003584,2331.0,366.0,2360.0,346.0,2390.0,410.0,2328.0,745.0,2184.0,638.0,2063.0,754.0,1981.0,796.0,2000.0,745.0,2019.0,694.0,2043.0,645.0,2055.0,592.0,2058.0,538.0,2052.0,484.0,2046.0,430.0,2041.0,376.0,2028.0,323.0,2014.0,271.0,2006.0,217.0,2001.0,163.0,1995.0,109.0,2018.0,61.0,2314.0,774.0,2323.0,821.0,2315.0,868.0,2318.0,916.0,2301.0,961.0,2269.0,996.0,2226.0,1017.0,2178.0,1023.0,2131.0,1019.0,2103.0,991.0,2082.0,949.0,2083.0,901.0,2085.0,853.0,2070.0,808.0,2074.0,760.0
Supracleithrum,Acipenser gueldenstaedtii,L,2,36,0.003649,2342.0,437.0,2367.0,438.0,2419.0,522.0,2353.0,843.0,2217.0,748.0,2115.0,831.0,2041.0,857.0,2050.0,806.0,2073.0,760.0,2100.0,716.0,2110.0,665.0,2117.0,614.0,2121.0,563.0,2117.0,511.0,2113.0,460.0,2107.0,408.0,2102.0,357.0,2096.0,306.0,2087.0,255.0,2092.0,203.0,2124.0,163.0,2332.0,863.0,2323.0,905.0,2325.0,947.0,2311.0,988.0,2287.0,1022.0,2253.0,1049.0,2211.0,1039.0,2171.0,1040.0,2133.0,1055.0,2104.0,1024.0,2077.0,1015.0,2084.0,973.0,2092.0,930.0,2099.0,887.0,2107.0,845.0
Supracleithrum,Acipenser gueldenstaedtii,L,3,36,0.003584,2492.0,470.0,2535.0,451.0,2570.0,520.0,2528.0,860.0,2351.0,745.0,2235.0,915.0,2114.0,961.0,2129.0,900.0,2147.0,840.0,2168.0,781.0,2187.0,722.0,2191.0,659.0,2179.0,598.0,2166.0,536.0,2152.0,475.0,2140.0,414.0,2128.0,352.0,2111.0,292.0,2093.0,232.0,2086.0,170.0,2117.0,116.0,2520.0,885.0,2526.0,943.0,2532.0,1001.0,2542.0,1058.0,2540.0,1113.0,2500.0,1152.0,2446.0,1175.0,2391.0,1193.0,2334.0,1207.0,2276.0,1212.0,2230.0,1182.0,2223.0,1130.0,2232.0,1072.0,2245.0,1016.0,2254.0,958.0
Supracleithrum,Acipenser gueldenstaedtii,L,4,36,0.003597,1542.0,320.0,1607.0,317.0,1634.0,381.0,1556.0,660.0,1416.0,557.0,1334.0,656.0,1296.0,676.0,1308.0,633.0,1319.0,589.0,1334.0,547.0,1335.0,502.0,1336.0,458.0,1337.0,413.0,1335.0,368.0,1328.0,324.0,1320.0,280.0,1312.0,236.0,1308.0,191.0,1295.0,148.0,1280.0,106.0,1292.0,63.0,1546.0,714.0,1554.0,755.0,1556.0,795.0,1551.0,837.0,1530.0,871.0,1497.0,896.0,1457.0,906.0,1418.0,906.0,1381.0,887.0,1353.0,857.0,1342.0,820.0,1326.0,782.0,1317.0,744.0,1326.0,703.0,1335.0,663.0
Supracleithrum,Acipenser gueldenstaedtii,L,5,36,0.003613,2633.0,507.0,2662.0,475.0,2686.0,547.0,2706.0,1212.0,2328.0,1035.0,2203.0,1238.0,2023.0,1377.0,2031.0,1280.0,2061.0,1187.0,2081.0,1091.0,2094.0,994.0,2094.0,897.0,2091.0,799.0,2083.0,702.0,2071.0,605.0,2054.0,509.0,2032.0,414.0,1999.0,322.0,1959.0,233.0,1926.0,141.0,1944.0,45.0,2722.0,1265.0,2698.0,1328.0,2676.0,1391.0,2657.0,1455.0,2625.0,1514.0,2578.0,1562.0,2517.0,1591.0,2451.0,1601.0,2384.0,1607.0,2329.0,1571.0,2307.0,1508.0,2294.0,1443.0,2279.0,1377.0,2242.0,1322.0,2197.0,1362.0
Supracleithrum,Acipenser gueldenstaedtii,L,6,36,0.003695,1025.0,589.0,1090.0,524.0,1189.0,690.0,1089.0,1239.0,877.0,1172.0,707.0,1298.0,547.0,1403.0,556.0,1311.0,574.0,1220.0,601.0,1131.0,618.0,1040.0,628.0,948.0,632.0,855.0,629.0,763.0,616.0,671.0,599.0,580.0,572.0,491.0,546.0,402.0,522.0,313.0,514.0,220.0,523.0,128.0,1095.0,1280.0,1091.0,1356.0,1109.0,1427.0,1131.0,1497.0,1114.0,1570.0,1070.0,1632.0,1012.0,1677.0,941.0,1703.0,866.0,1710.0,791.0,1698.0,743.0,1647.0,736.0,1572.0,741.0,1496.0,744.0,1420.0,746.0,1344.0
Supracleithrum,Acipenser gueldenstaedtii,R,1,36,0.00352,464.0,479.0,488.0,480.0,508.0,548.0,390.0,858.0,261.0,733.0,122.0,814.0,47.0,821.0,74.0,773.0,103.0,726.0,130.0,677.0,148.0,625.0,163.0,572.0,171.0,517.0,178.0,463.0,184.0,408.0,186.0,352.0,187.0,297.0,192.0,242.0,202.0,188.0,211.0,134.0,251.0,95.0,364.0,883.0,374.0,932.0,343.0,971.0,324.0,1018.0,313.0,1067.0,281.0,1104.0,233.0,1119.0,182.0,1120.0,138.0,1097.0,102.0,1062.0,94.0,1016.0,90.0,970.0,102.0,920.0,115.0,871.0,128.0,822.0
Supracleithrum,Acipenser gueldenstaedtii,R,2,36,0.003546,481.0,450.0,499.0,457.0,524.0,511.0,453.0,812.0,290.0,711.0,158.0,792.0,74.0,805.0,95.0,757.0,119.0,710.0,145.0,665.0,168.0,618.0,183.0,567.0,194.0,516.0,199.0,464.0,203.0,411.0,207.0,359.0,208.0,307.0,214.0,254.0,222.0,203.0,234.0,151.0,266.0,110.0,439.0,836.0,440.0,875.0,432.0,913.0,414.0,948.0,392.0,980.0,360.0,1001.0,321.0,1008.0,287.0,991.0,253.0,971.0,218.0,955.0,185.0,934.0,154.0,911.0,163.0,873.0,158.0,834.0,165.0,796.0
Supracleithrum,Acipenser gueldenstaedtii,R,3,36,0.00361,498.0,583.0,548.0,584.0,566.0,641.0,466.0,985.0,299.0,864.0,149.0,983.0,60.0,1006.0,69.0,944.0,86.0,884.0,117.0,830.0,144.0,773.0,163.0,714.0,169.0,652.0,169.0,589.0,167.0,527.0,166.0,464.0,168.0,402.0,164.0,339.0,158.0,277.0,158.0,215.0,200.0,168.0,455.0,1019.0,469.0,1073.0,460.0,1126.0,443.0,1179.0,424.0,1229.0,378.0,1260.0,326.0,1277.0,270.0,1283.0,215.0,1276.0,160.0,1270.0,123.0,1235.0,125.0,1181.0,138.0,1127.0,152.0,1073.0,164.0,1019.0
Supracleithrum,Acipenser gueldenstaedtii,R,4,36,0.003649,398.0,377.0,432.0,371.0,462.0,453.0,369.0,759.0,222.0,599.0,132.0,711.0,63.0,749.0,80.0,704.0,100.0,660.0,121.0,617.0,145.0,576.0,170.0,535.0,176.0,487.0,180.0,439.0,181.0,391.0,180.0,343.0,180.0,295.0,181.0,247.0,174.0,200.0,165.0,153.0,183.0,108.0,353.0,793.0,358.0,831.0,355.0,869.0,338.0,904.0,314.0,934.0,280.0,948.0,242.0,955.0,204.0,956.0,169.0,939.0,149.0,908.0,134.0,872.0,131.0,833.0,122.0,797.0,119.0,761.0,128.0,723.0
Supracleithrum,Acipenser gueldenstaedtii,R,5,36,0.003574,733.0,500.0,760.0,465.0,873.0,621.0,754.0,1250.0,490.0,1064.0,277.0,1218.0,64.0,1319.0,108.0,1236.0,154.0,1154.0,202.0,1073.0,237.0,986.0,262.0,896.0,271.0,802.0,279.0,709.0,282.0,615.0,280.0,521.0,275.0,427.0,260.0,335.0,240.0,243.0,227.0,150.0,259.0,62.0,736.0,1292.0,748.0,1362.0,711.0,1422.0,679.0,1485.0,640.0,1544.0,591.0,1594.0,528.0,1625.0,459.0,1642.0,390.0,1631.0,336.0,1588.0,330.0,1521.0,337.0,1451.0,344.0,1381.0,311.0,1325.0,251.0,1363.0
Supracleithrum,Acipenser gueldenstaedtii,R,6,36,0.003658,727.0,661.0,795.0,623.0,831.0,732.0,672.0,1294.0,451.0,1175.0,287.0,1283.0,77.0,1378.0,80.0,1281.0,120.0,1193.0,169.0,1110.0,213.0,1024.0,257.0,938.0,275.0,843.0,290.0,747.0,299.0,651.0,300.0,554.0,301.0,457.0,300.0,361.0,300.0,264.0,307.0,168.0,341.0,77.0,689.0,1383.0,718.0,1446.0,714.0,1507.0,685.0,1570.0,642.0,1625.0,591.0,1671.0,527.0,1699.0,460.0,1715.0,393.0,1701.0,334.0,1664.0,298.0,1606.0,304.0,1537.0,303.0,1468.0,297.0,1398.0,298.0,1329.0
Supracleithrum,Acipenser gueldenstaedtii,R,7,36,0.003659,1099.0,1050.0,1247.0,1044.0,1305.0,1257.0,1105.0,1993.0,754.0,1741.0,373.0,2008.0,65.0,2123.0,115.0,1975.0,164.0,1827.0,215.0,1679.0,266.0,1531.0,310.0,1382.0,351.0,1231.0,370.0,1076.0,386.0,921.0,375.0,765.0,356.0,610.0,367.0,454.0,417.0,306.0,432.0,151.0,491.0,6.0,1077.0,2114.0,1028.0,2212.0,979.0,2309.0,924.0,2404.0,867.0,2497.0,788.0,2568.0,700.0,2629.0,622.0,2702.0,513.0,2706.0,413.0,2678.0,328.0,2610.0,268.0,2519.0,269.0,2410.0,274.0,2301.0,233.0,2254.0
Supracleithrum,Acipenser gueldenstaedtii,R,8,36,0.003735,1277.0,1080.0,1414.0,1030.0,1490.0,1258.0,1386.0,2354.0,668.0,2057.0,477.0,2334.0,56.0,2483.0,126.0,2319.0,154.0,2142.0,212.0,1973.0,276.0,1806.0,329.0,1636.0,382.0,1465.0,422.0,1291.0,435.0,1113.0,437.0,934.0,445.0,756.0,491.0,583.0,552.0,415.0,572.0,238.0,698.0,111.0,1376.0,2422.0,1355.0,2566.0,1351.0,2712.0,1260.0,2825.0,1209.0,2961.0,1101.0,3055.0,971.0,3121.0,834.0,3168.0,690.0,3157.0,560.0,3094.0,550.0,2955.0,570.0,2811.0,494.0,2691.0,481.0,2548.0,528.0,2410.0
Supracleithrum,Acipenser ruthenus,L,2,36,0.003688,2012.0,429.0,2049.0,434.0,2089.0,518.0,2079.0,712.0,1916.0,618.0,1814.0,728.0,1727.0,753.0,1734.0,706.0,1741.0,659.0,1747.0,612.0,1754.0,565.0,1762.0,518.0,1767.0,471.0,1770.0,423.0,1772.0,376.0,1774.0,328.0,1776.0,281.0,1779.0,233.0,1785.0,186.0,1791.0,139.0,1821.0,102.0,2080.0,772.0,2083.0,812.0,2087.0,852.0,2084.0,892.0,2063.0,925.0,2030.0,949.0,1991.0,956.0,1951.0,953.0,1911.0,950.0,1872.0,941.0,1840.0,918.0,1823.0,881.0,1831.0,842.0,1841.0,804.0,1830.0,765.0
Supracleithrum,Acipenser ruthenus,L,3,36,0.003591,2137.0,491.0,2205.0,506.0,2214.0,602.0,2171.0,790.0,1993.0,690.0,1848.0,751.0,1800.0,728.0,1812.0,679.0,1829.0,631.0,1850.0,586.0,1869.0,539.0,1885.0,491.0,1899.0,443.0,1912.0,394.0,1907.0,344.0,1897.0,294.0,1893.0,244.0,1890.0,194.0,1891.0,143.0,1904.0,95.0,1942.0,61.0,2173.0,828.0,2192.0,884.0,2194.0,943.0,2180.0,1000.0,2146.0,1047.0,2095.0,1076.0,2037.0,1085.0,1978.0,1088.0,1919.0,1090.0,1860.0,1087.0,1836.0,1047.0,1841.0,989.0,1850.0,930.0,1858.0,872.0,1819.0,846.0
Supracleithrum,Acipenser ruthenus,L,4,36,0.002343,1624.0,686.0,1696.0,702.0,1702.0,771.0,1723.0,1197.0,1430.0,1077.0,1245.0,1330.0,1111.0,1346.0,1129.0,1258.0,1148.0,1169.0,1164.0,1080.0,1179.0,991.0,1178.0,901.0,1179.0,811.0,1182.0,721.0,1181.0,630.0,1170.0,541.0,1143.0,454.0,1111.0,370.0,1079.0,286.0,1053.0,199.0,1088.0,116.0,1715.0,1238.0,1757.0,1328.0,1793.0,1421.0,1766.0,1518.0,1723.0,1607.0,1671.0,1693.0,1606.0,1767.0,1511.0,1797.0,1416.0,1828.0,1319.0,1840.0,1279.0,1766.0,1267.0,1668.0,1276.0,1569.0,1293.0,1471.0,1257.0,1392.0
Supracleithrum,Acipenser ruthenus,R,2,36,0.003659,389.0,402.0,469.0,451.0,509.0,517.0,489.0,708.0,318.0,611.0,231.0,744.0,114.0,775.0,127.0,727.0,139.0,679.0,152.0,631.0,165.0,583.0,177.0,535.0,190.0,487.0,202.0,439.0,204.0,390.0,205.0,340.0,205.0,291.0,205.0,241.0,213.0,192.0,233.0,147.0,254.0,102.0,496.0,744.0,503.0,786.0,501.0,829.0,494.0,871.0,485.0,914.0,461.0,947.0,422.0,961.0,379.0,966.0,337.0,958.0,295.0,950.0,255.0,934.0,227.0,909.0,228.0,866.0,228.0,823.0,229.0,780.0
Supracleithrum,Acipenser ruthenus,R,3,36,0.00354,507.0,569.0,576.0,565.0,588.0,656.0,479.0,892.0,335.0,786.0,171.0,845.0,99.0,831.0,123.0,785.0,149.0,739.0,182.0,699.0,210.0,655.0,235.0,609.0,255.0,561.0,269.0,511.0,278.0,460.0,276.0,408.0,275.0,355.0,276.0,303.0,280.0,251.0,288.0,200.0,323.0,161.0,459.0,920.0,475.0,979.0,502.0,1034.0,502.0,1095.0,468.0,1146.0,409.0,1161.0,349.0,1172.0,289.0,1184.0,228.0,1180.0,168.0,1168.0,121.0,1130.0,122.0,1068.0,151.0,1014.0,174.0,958.0,119.0,949.0
Supracleithrum,Acipenser ruthenus,R,4,36,0.002391,743.0,785.0,799.0,835.0,804.0,917.0,734.0,1301.0,427.0,1113.0,235.0,1255.0,101.0,1282.0,129.0,1196.0,157.0,1110.0,187.0,1025.0,219.0,941.0,248.0,856.0,275.0,770.0,295.0,682.0,312.0,593.0,323.0,504.0,320.0,413.0,310.0,324.0,305.0,234.0,328.0,147.0,398.0,90.0,729.0,1368.0,727.0,1458.0,702.0,1545.0,637.0,1608.0,570.0,1668.0,501.0,1727.0,419.0,1763.0,330.0,1779.0,240.0,1776.0,156.0,1744.0,154.0,1656.0,174.0,1568.0,210.0,1485.0,261.0,1410.0,274.0,1323.0
Supracleithrum,Acipenser stellatus,L,1,36,0.003744,1961.0,594.0,2020.0,647.0,2054.0,702.0,2044.0,1139.0,1847.0,949.0,1698.0,1137.0,1568.0,1185.0,1598.0,1108.0,1623.0,1029.0,1644.0,949.0,1656.0,867.0,1660.0,784.0,1659.0,702.0,1658.0,619.0,1631.0,540.0,1607.0,461.0,1586.0,381.0,1561.0,302.0,1533.0,224.0,1510.0,145.0,1522.0,63.0,2010.0,1180.0,1997.0,1239.0,1951.0,1276.0,1916.0,1321.0,1896.0,1377.0,1856.0,1423.0,1814.0,1465.0,1758.0,1489.0,1702.0,1509.0,1642.0,1518.0,1625.0,1485.0,1647.0,1429.0,1670.0,1374.0,1681.0,1314.0,1648.0,1288.0
Supracleithrum,Acipenser stellatus,R,1,36,0.003647,776.0,524.0,800.0,549.0,823.0,653.0,773.0,1214.0,529.0,973.0,294.0,1106.0,106.0,1088.0,154.0,1024.0,202.0,960.0,248.0,895.0,289.0,826.0,319.0,752.0,349.0,678.0,367.0,600.0,391.0,524.0,407.0,445.0,418.0,366.0,430.0,287.0,483.0,228.0,509.0,152.0,534.0,76.0,745.0,1289.0,678.0,1337.0,608.0,1379.0,535.0,1417.0,463.0,1457.0,395.0,1502.0,319.0,1531.0,238.0,1538.0,158.0,1520.0,101.0,1469.0,138.0,1397.0,139.0,1320.0,183.0,1251.0,220.0,1185.0,283.0,1132.0
Supracleithrum,Bester,L,1,36,0.003651,1753.0,499.0,1773.0,489.0,1788.0,541.0,1756.0,962.0,1586.0,801.0,1445.0,935.0,1356.0,971.0,1368.0,910.0,1387.0,852.0,1404.0,792.0,1421.0,733.0,1434.0,673.0,1441.0,611.0,1446.0,550.0,1445.0,488.0,1439.0,426.0,1429.0,365.0,1417.0,305.0,1406.0,244.0,1402.0,182.0,1416.0,122.0,1762.0,994.0,1742.0,1048.0,1714.0,1099.0,1677.0,1143.0,1635.0,1182.0,1589.0,1217.0,1533.0,1230.0,1476.0,1223.0,1422.0,1203.0,1404.0,1151.0,1425.0,1100.0,1455.0,1051.0,1450.0,1005.0,1399.0,1033.0,1348.0,1061.0
Supracleithrum,Bester,L,2,36,0.003578,2189.0,365.0,2207.0,347.0,2216.0,406.0,2234.0,980.0,2074.0,741.0,1911.0,896.0,1813.0,927.0,1831.0,868.0,1850.0,809.0,1870.0,751.0,1879.0,690.0,1891.0,629.0,1896.0,567.0,1894.0,506.0,1890.0,444.0,1885.0,382.0,1878.0,321.0,1863.0,261.0,1856.0,200.0,1872.0,140.0,1914.0,95.0,2217.0,1033.0,2188.0,1065.0,2157.0,1095.0,2125.0,1124.0,2091.0,1151.0,2056.0,1176.0,2018.0,1196.0,1975.0,1194.0,1938.0,1173.0,1906.0,1145.0,1890.0,1109.0,1894.0,1066.0,1905.0,1024.0,1911.0,981.0,1876.0,958.0
Supracleithrum,Bester,R,1,36,0.003555,555.0,668.0,578.0,657.0,582.0,720.0,539.0,1145.0,383.0,935.0,215.0,1227.0,102.0,1239.0,140.0,1170.0,158.0,1096.0,148.0,1021.0,169.0,945.0,185.0,868.0,210.0,793.0,210.0,714.0,207.0,635.0,204.0,556.0,198.0,477.0,186.0,399.0,173.0,321.0,166.0,242.0,186.0,166.0,517.0,1221.0,514.0,1258.0,492.0,1288.0,461.0,1308.0,433.0,1334.0,407.0,1360.0,374.0,1377.0,339.0,1389.0,304.0,1402.0,267.0,1409.0,232.0,1399.0,210.0,1369.0,208.0,1332.0,218.0,1296.0,228.0,1260.0
Supracleithrum,Bester,R,2,36,0.003591,460.0,397.0,484.0,358.0,518.0,507.0,546.0,1033.0,367.0,844.0,208.0,1009.0,116.0,1059.0,128.0,992.0,143.0,926.0,167.0,862.0,187.0,798.0,196.0,730.0,197.0,662.0,192.0,595.0,184.0,527.0,175.0,460.0,162.0,393.0,145.0,328.0,137.0,260.0,140.0,192.0,176.0,135.0,536.0,1060.0,515.0,1100.0,487.0,1136.0,454.0,1168.0,421.0,1200.0,389.0,1232.0,350.0,1255.0,310.0,1241.0,271.0,1217.0,244.0,1181.0,240.0,1137.0,246.0,1092.0,254.0,1047.0,226.0,1032.0,183.0,1048.0
Supracleithrum,Huso huso,L,1,36,0.00365,1978.0,520.0,2010.0,514.0,2059.0,594.0,2039.0,1053.0,1846.0,874.0,1692.0,939.0,1608.0,953.0,1621.0,895.0,1633.0,836.0,1644.0,778.0,1644.0,718.0,1640.0,658.0,1641.0,598.0,1640.0,539.0,1637.0,479.0,1633.0,420.0,1630.0,360.0,1625.0,300.0,1614.0,242.0,1599.0,184.0,1589.0,125.0,2043.0,1075.0,2057.0,1151.0,2048.0,1224.0,2022.0,1297.0,1982.0,1362.0,1936.0,1424.0,1881.0,1471.0,1804.0,1472.0,1736.0,1440.0,1710.0,1372.0,1710.0,1295.0,1703.0,1219.0,1694.0,1145.0,1710.0,1070.0,1727.0,995.0
Supracleithrum,Huso huso,L,2,36,0.003668,1026.0,367.0,1048.0,382.0,1082.0,467.0,1098.0,815.0,988.0,676.0,911.0,802.0,835.0,838.0,832.0,782.0,845.0,727.0,872.0,677.0,886.0,622.0,881.0,566.0,869.0,511.0,854.0,457.0,841.0,402.0,819.0,350.0,790.0,301.0,758.0,255.0,728.0,207.0,701.0,157.0,700.0,101.0,1092.0,862.0,1090.0,907.0,1084.0,951.0,1071.0,994.0,1047.0,1031.0,1017.0,1064.0,987.0,1097.0,948.0,1114.0,922.0,1077.0,907.0,1035.0,904.0,991.0,910.0,947.0,909.0,902.0,907.0,860.0,929.0,821.0
Supracleithrum,Huso huso,L,3,36,0.003706,1035.0,629.0,1084.0,665.0,1112.0,736.0,1052.0,1128.0,940.0,991.0,786.0,1101.0,675.0,1143.0,702.0,1078.0,730.0,1013.0,757.0,947.0,782.0,881.0,795.0,812.0,790.0,741.0,788.0,670.0,783.0,600.0,776.0,529.0,751.0,463.0,718.0,401.0,697.0,333.0,689.0,263.0,699.0,193.0,1040.0,1171.0,1036.0,1217.0,1018.0,1260.0,997.0,1301.0,973.0,1340.0,939.0,1371.0,901.0,1397.0,861.0,1420.0,816.0,1412.0,784.0,1380.0,768.0,1337.0,759.0,1292.0,761.0,1245.0,754.0,1200.0,715.0,1214.0
Supracleithrum,Huso huso,L,4,36,0.00379,1971.0,479.0,2011.0,527.0,2026.0,584.0,1963.0,1054.0,1902.0,897.0,1761.0,985.0,1705.0,993.0,1720.0,928.0,1735.0,863.0,1758.0,801.0,1771.0,735.0,1767.0,669.0,1752.0,604.0,1734.0,540.0,1716.0,475.0,1691.0,414.0,1662.0,354.0,1631.0,295.0,1603.0,234.0,1584.0,170.0,1610.0,109.0,1940.0,1113.0,1923.0,1149.0,1907.0,1185.0,1883.0,1216.0,1856.0,1245.0,1828.0,1273.0,1792.0,1286.0,1756.0,1285.0,1728.0,1257.0,1705.0,1225.0,1698.0,1188.0,1707.0,1150.0,1716.0,1111.0,1705.0,1082.0,1667.0,1092.0
Supracleithrum,Huso huso,R,1,36,0.003613,546.0,624.0,578.0,618.0,569.0,678.0,489.0,1112.0,300.0,894.0,133.0,952.0,54.0,948.0,74.0,892.0,95.0,836.0,108.0,777.0,120.0,719.0,126.0,659.0,130.0,599.0,139.0,540.0,150.0,482.0,160.0,423.0,169.0,363.0,155.0,305.0,140.0,247.0,126.0,189.0,112.0,131.0,467.0,1127.0,467.0,1206.0,439.0,1280.0,415.0,1354.0,367.0,1417.0,306.0,1465.0,231.0,1481.0,157.0,1460.0,115.0,1399.0,118.0,1322.0,123.0,1243.0,132.0,1165.0,157.0,1090.0,183.0,1015.0,137.0,1005.0
Supracleithrum,Huso huso,R,2,36,0.003632,436.0,488.0,454.0,501.0,481.0,562.0,372.0,884.0,300.0,819.0,158.0,877.0,98.0,880.0,117.0,827.0,138.0,774.0,164.0,724.0,189.0,673.0,208.0,620.0,216.0,564.0,220.0,508.0,222.0,451.0,217.0,395.0,208.0,339.0,196.0,284.0,184.0,229.0,176.0,173.0,193.0,119.0,361.0,922.0,353.0,970.0,335.0,1016.0,304.0,1054.0,272.0,1091.0,235.0,1123.0,191.0,1144.0,143.0,1153.0,94.0,1157.0,75.0,1119.0,86.0,1072.0,107.0,1028.0,134.0,987.0,115.0,956.0,72.0,980.0
Supracleithrum,Huso huso,R,3,36,0.003673,433.0,613.0,483.0,629.0,483.0,671.0,447.0,1113.0,275.0,977.0,166.0,1068.0,71.0,1068.0,87.0,1000.0,123.0,940.0,140.0,874.0,147.0,804.0,153.0,735.0,147.0,665.0,139.0,595.0,140.0,526.0,144.0,456.0,136.0,387.0,116.0,320.0,113.0,251.0,131.0,183.0,176.0,135.0,447.0,1164.0,438.0,1212.0,415.0,1255.0,391.0,1298.0,363.0,1337.0,323.0,1362.0,284.0,1387.0,240.0,1383.0,208.0,1345.0,190.0,1300.0,185.0,1252.0,191.0,1204.0,187.0,1158.0,152.0,1171.0,117.0,1205.0
Supracleithrum,Huso huso,R,4,36,0.003618,472.0,590.0,503.0,628.0,516.0,693.0,375.0,1118.0,303.0,948.0,175.0,984.0,74.0,1021.0,114.0,964.0,148.0,903.0,192.0,850.0,245.0,806.0,262.0,739.0,257.0,669.0,253.0,600.0,248.0,531.0,230.0,464.0,210.0,397.0,190.0,331.0,168.0,265.0,144.0,199.0,148.0,130.0,339.0,1173.0,319.0,1206.0,298.0,1239.0,271.0,1267.0,240.0,1291.0,204.0,1304.0,165.0,1310.0,129.0,1298.0,118.0,1261.0,95.0,1231.0,92.0,1196.0,103.0,1159.0,118.0,1123.0,123.0,1086.0,85.0,1080.0
Supracleithrum,Sevbel,L,1,36,0.003705,1918.0,747.0,1985.0,696.0,2004.0,798.0,1795.0,1545.0,1573.0,1244.0,1350.0,1292.0,1248.0,1221.0,1271.0,1145.0,1292.0,1068.0,1317.0,993.0,1342.0,917.0,1345.0,838.0,1347.0,758.0,1347.0,679.0,1345.0,599.0,1341.0,520.0,1310.0,447.0,1297.0,368.0,1313.0,290.0,1312.0,211.0,1350.0,141.0,1753.0,1590.0,1688.0,1632.0,1631.0,1683.0,1574.0,1736.0,1518.0,1788.0,1456.0,1834.0,1379.0,1832.0,1302.0,1827.0,1247.0,1777.0,1235.0,1702.0,1249.0,1626.0,1266.0,1551.0,1288.0,1477.0,1315.0,1405.0,1343.0,1333.0
Supracleithrum,Sevbel,R,1,36,0.003605,781.0,726.0,830.0,713.0,837.0,842.0,568.0,1560.0,388.0,1176.0,161.0,1224.0,70.0,1228.0,105.0,1146.0,141.0,1064.0,190.0,990.0,221.0,906.0,241.0,819.0,252.0,731.0,257.0,641.0,248.0,553.0,208.0,473.0,172.0,391.0,136.0,310.0,123.0,221.0,120.0,132.0,175.0,62.0,540.0,1593.0,496.0,1658.0,437.0,1701.0,418.0,1771.0,367.0,1825.0,299.0,1857.0,222.0,1868.0,158.0,1834.0,122.0,1767.0,117.0,1692.0,130.0,1615.0,152.0,1540.0,164.0,1463.0,137.0,1399.0,164.0,1326.0
